,PONUM,PODate,SUPPLIER,ProductDescription,Qty,SizeContainer,ContainerNUM,ShippingLine,ETAJamaica,ETATGG,AADTGG,DateOffloaded,Dateleft
0,23017,"April 25, 2017",Kimberly Clark,Assorted Paper Products,1716 cases,40,SMLU 794923-3,Seaboard,"May 28, 2017","June 4, 2017",?,?,?
1,23019,"April 25, 2017",Kimberly Clark,Assorted Paper Products,2160 cases,40,SMLU 793620-0,Seaboard,"May 28, 2017","June 4, 2017",?,?,?
2,23020,"April 25, 2017",Kimberly Clark,Assorted Paper Products,2160 cases,40,SMLU 792190-9,Seaboard,"May 28, 2017","June 4, 2017",?,?,?
3,23021,"April 25, 2017",Kimberly Clark,Assorted Paper Products,2160 cases,40,SMLU 787354-4,Seaboard,"May 28, 2017","June 4, 2017",?,?,?
4,23022,"April 25, 2017",Kimberly Clark,Assorted Paper Products,2160 cases,40,SMLU 793473-7,Seaboard,"May 28, 2017","June 4, 2017",?,?,?
5,22997,"April 21, 2017",S. M. Jaleel & Company Limited,Busta Banana 370ml,2520 cases,40,TCNU 823910-5,Zim,"June 3, 2017","June 10, 2017",?,?,?
6,23051,"April 26, 2017",S. M. Jaleel & Company Limited,Assorted SMJ Products,2632 cases,40,ZCSU 843781-0,Zim,"June 3, 2017","June 10, 2017",?,?,?
7,23051,"April 26, 2017",S. M. Jaleel & Company Limited,Busta Green Crush 370ml,2520 cases,40,ZCSU 894770-5,Zim,"June 3, 2017","June 10, 2017",?,?,?
8,23051,"April 26, 2017",S. M. Jaleel & Company Limited,Busta Banana 370ml,1680 cases,40,ZCSU 847191-7,Zim,"June 3, 2017","June 10, 2017",?,?,?
9,23051,"April 26, 2017",S. M. Jaleel & Company Limited,Busta Orange 590ml,1680 cases,40,ZCSU 709553-8,Zim,"June 3, 2017","June 10, 2017",?,?,?
10,22998,"April 21, 2017",S. M. Jaleel & Company Limited,Busta Banana 370ml,2520 cases,40,TCNU 457710-4,Zim,"June 3, 2017","June 10, 2017",?,?,?
11,22998,"April 21, 2017",S. M. Jaleel & Company Limited,Busta Banana 370ml,2520 cases,40,TCNU 541722-4,Zim,"June 3, 2017","June 10, 2017",?,?,?
12,23126,"May 11, 2017",S. M. Jaleel & Company Limited,American Classic Lime In 370ml,2520 cases,40,FSCU 817265-9,Zim,"June 3, 2017","June 10, 2017",?,?,?
13,23126,"May 11, 2017",S. M. Jaleel & Company Limited,American Classic Lime In 370ml,2520 cases,40,BSIU 954466-1,Zim,"June 3, 2017","June 10, 2017",?,?,?
14,23126,"May 11, 2017",S. M. Jaleel & Company Limited,Busta Cranberry 591ml,1680 cases,40,ZCSU 886079-7,Zim,"June 3, 2017","June 10, 2017",?,?,?
15,23126,"May 11, 2017",S. M. Jaleel & Company Limited,American Classic Cola 370ml,2520 cases,40,BSIU 970935-5,Zim,"June 3, 2017","June 10, 2017",?,?,?
16,23054,"April 26, 2017",S. M. Jaleel & Company Limited,Busta Fruit Punch 370ml,2520 cases,40,CAIU 922057-0,Zim,"June 3, 2017","June 10, 2017",?,?,?
17,23051,"April 26, 2017",S. M. Jaleel & Company Limited,Busta Fruit Punch 370ml,2520 cases,40,ZCSU 899569-0,Zim,"June 3, 2017","June 10, 2017",?,?,?
18,22967,"April 13, 2017",S. M. Jaleel & Company Limited,Busta Banana 370ml,2520 cases,40,ZCSU 864470-9,Zim,"June 3, 2017","June 10, 2017",?,?,?
19,22967,"April 13, 2017",S. M. Jaleel & Company Limited,Busta Kola Champagne 370ml,2520 cases,40,ZCSU 266612-5,Zim,"June 3, 2017","June 10, 2017",?,?,?
20,23051,"April 26, 2017",S. M. Jaleel & Company Limited,Busta Cranberry 370ml,2520 cases,40,UETU 527527-6,Zim,"June 3, 2017","June 10, 2017",?,?,?
21,23051,"April 26, 2017",S. M. Jaleel & Company Limited,Busta Pineapple 370ml,2520 cases,40,FSCU 817002-3,Zim,"June 3, 2017","June 10, 2017",?,?,?
22,23051,"April 26, 2017",S. M. Jaleel & Company Limited,Busta Cranberry 370ml,2520 cases,40,TCNU 877205-3,Zim,"June 3, 2017","June 10, 2017",?,?,?
23,23051,"April 26, 2017",S. M. Jaleel & Company Limited,Busta Cranberry 370ml,2520 cases,40,TCNU 872091-2,Zim,"June 3, 2017","June 10, 2017",?,?,?
24,23130,"May 9, 2017",S. M. Jaleel & Company Limited,Busta Grape 590ml,1680 cases,40,ZCSU 864241-3,Zim,"June 3, 2017","June 10, 2017",?,?,?
25,23130,"May 9, 2017",S. M. Jaleel & Company Limited,Assorted Busta 590ml,1680 cases,40,ZCSU 708440-4,Zim,"June 3, 2017","June 10, 2017",?,?,?
26,23054,"April 26, 2017",S. M. Jaleel & Company Limited,Busta Green Crush 370ml,2520 cases,40,FCIU 905760-3,Zim,"June 3, 2017","June 10, 2017",?,?,?
27,23051,"April 26, 2017",S. M. Jaleel & Company Limited,Busta Kola Champagne 370ml,2520 cases,40,ZCSU 276288-0,Zim,"June 3, 2017","June 10, 2017",?,?,?
28,23051,"April 26, 2017",S. M. Jaleel & Company Limited,Busta Kola Champagne 370ml,2520 cases,40,ZCSU 268915-7,Zim,"June 3, 2017","June 10, 2017",?,?,?
29,23051,"April 26, 2017",S. M. Jaleel & Company Limited,Busta Kola Champagne 370ml,2520 cases,40,ZCSU 266474-0,Zim,"June 3, 2017","June 10, 2017",?,?,?
30,22967,"April 13, 2017",S. M. Jaleel & Company Limited,Busta Cranberry 590ml,1680 cases,40,ZCSU 276244-8,Zim,"June 3, 2017","June 10, 2017",?,?,?
31,22967,"April 13, 2017",S. M. Jaleel & Company Limited,Assorted Busta/ACC products 590ml,1680 cases,40,TCNU 532523-6,Zim,"June 3, 2017","June 10, 2017",?,?,?
32,22967,"April 13, 2017",S. M. Jaleel & Company Limited,Busta Pineapple 370ml,2520 cases,40,TGHU 521281-7,Zim,"June 3, 2017","June 10, 2017",?,?,?
33,23130,"May 9, 2017",S. M. Jaleel & Company Limited,Busta Banana 590ml,1680 cases,40,ZCSU 886041-5,Zim,"June 3, 2017","June 10, 2017",?,?,?
34,23130,"May 9, 2017",S. M. Jaleel & Company Limited,Busta Green Crush 590ml,1680 cases,40,ZCSU 705649-1,Zim,"June 3, 2017","June 10, 2017",?,?,?
35,23051,?,S. M. Jaleel & Company Limited,Busta Cranberry 590ml,1680 cases,40,TCKU 450554-2,Zim,"June 3, 2017","June 10, 2017",?,?,?
36,23131,"September 5, 2017",S. M. Jaleel & Company Limited,Assorted Kool Kidz 200ml,3969 cases,40,CLHU 857437-3,Seaboard,"June 4, 2017","June 11, 2017",?,?,?
37,23131,"September 5, 2017",S. M. Jaleel & Company Limited,Kool Kidz Kiwi Strawberry 200ml,3969 cases,40,TCNU 979313-2,Seaboard,"June 4, 2017","June 11, 2017",?,?,?
38,23131,"September 5, 2017",S. M. Jaleel & Company Limited,Kool Kidz Fruit Punch 200ml,3969 cases,40,GESU 499436-5,Seaboard,"June 4, 2017","June 11, 2017",?,?,?
39,23131,"September 5, 2017",S. M. Jaleel & Company Limited,Kool Kidz Guava Pineapple 200ml,3969 cases,40,SMLU 786311-9,Seaboard,"June 4, 2017","June 11, 2017",?,?,?
40,23131,"September 5, 2017",S. M. Jaleel & Company Limited,Kool Kidz Strawberry Banana 200ml,3969 cases,40,SMLU 788038-0,Seaboard,"June 4, 2017","June 11, 2017",?,?,?
41,23131,"September 5, 2017",S. M. Jaleel & Company Limited,Assorted Chubby/Kool Kidz Products,3824 cases,40,SMLU 791201-8,Seaboard,"June 4, 2017","June 11, 2017",?,?,?
42,22967,?,S. M. Jaleel & Company Limited,Chubby Rock N Rolla Cola 250ml,3780 cases,40,FCIU 934512-7,Seaboard,"June 4, 2017","June 11, 2017",?,?,?
43,23237,"May 25, 2017",S. M. Jaleel & Company Limited,Chubby Reggae Gold 250ml,3780 cases,40,CRXU 992594-6,Seaboard,"June 4, 2017","June 11, 2017",?,?,?
44,23237,"May 25, 2017",S. M. Jaleel & Company Limited,Assorted Chubby Products 250ml,3780 cases,40,UESU 521478-6,Seaboard,"June 4, 2017","June 11, 2017",?,?,?
45,23237,"May 25, 2017",S. M. Jaleel & Company Limited,Chubby Bubblegum 250ml,3780 cases,40,TRLU 806594-1,Seaboard,"June 4, 2017","June 11, 2017",?,?,?
46,23237,"May 25, 2017",S. M. Jaleel & Company Limited,Assorted Chubby Products 250ml,3780 cases,40,TCNU 959026-4,Seaboard,"June 4, 2017","June 11, 2017",?,?,?
47,23237,"May 25, 2017",S. M. Jaleel & Company Limited,Chubby Pineapple Sunshine 250ml,3780 cases,40,SMLU 785774-9,Seaboard,"June 4, 2017","June 11, 2017",?,?,?
48,23055,"April 26, 2017",S. M. Jaleel & Company Limited,Kool Kidz Kiwi Strawberry 200ml,3969 cases,40,SEGU 420675-0,Crowley,"June 5, 2017","June 12, 2017",?,?,?
49,23126,?,S. M. Jaleel & Company Limited,Busta Gingerbeer 590ml,1680 cases,40,SEGU 566285-8,Crowley,"June 5, 2017","June 12, 2017",?,?,?
50,22998,?,S. M. Jaleel & Company Limited,Busta Fruit Punch 370ml,2520 cases,40,SEGU 566319-7,Crowley,"June 5, 2017","June 12, 2017",?,?,?
51,22998,?,S. M. Jaleel & Company Limited,Busta Fruit Punch 370ml,2520 cases,40,GATU 869902-2,Crowley,"June 5, 2017","June 12, 2017",?,?,?
52,22998,?,S. M. Jaleel & Company Limited,Busta Pineapple 370ml,2520 cases,40,CAIU 823666-9,Crowley,"June 5, 2017","June 12, 2017",?,?,?
53,22998,?,S. M. Jaleel & Company Limited,Busta Cranberry 370ml,2520 cases,40,SEGU 525914-3,Crowley,"June 5, 2017","June 12, 2017",?,?,?
54,22998,?,S. M. Jaleel & Company Limited,Busta Pineapple 370ml,2520 cases,40,CMCU 496402-1,Crowley,"June 5, 2017","June 12, 2017",?,?,?
55,22998,?,S. M. Jaleel & Company Limited,Busta Pineapple 370ml,2520 cases,40,CMCU 497068-3,Crowley,"June 5, 2017","June 12, 2017",?,?,?
56,22998,?,S. M. Jaleel & Company Limited,Busta Pineapple 370ml,2520 cases,40,CMCU 496020-0,Crowley,"June 5, 2017","June 12, 2017",?,?,?
57,22998,?,S. M. Jaleel & Company Limited,Warehouse Supplies,2100 pieces,20,TCLU 321773-9,Crowley,"June 5, 2017","June 12, 2017",?,?,?
58,22857,?,United Biscuits (UK) Limited,Assorted McVities Products,?,40,ECMU 468059-9,CMA-CGM,"June 6, 2017","June 13, 2017",?,?,?
59,23113,?,MeadJohnson Nutrition,Assorted Alacta plus Products,714 cases,20,CMAU 061674-7,Gateway Shipping,"June 7, 2017","June 14, 2017",?,?,?
60,23016,"April 25, 2017",Kimberly Clark,Assorted Paper Products,1728 cases,40,SMLU 792277-8,Seaboard,"June 7, 2017","June 14, 2017",?,?,?
61,23018,"April 25, 2017",Kimberly Clark,Assorted Paper Products,1654 cases,40,SMLU 793665-8,?, ,?,?,?,?
62,23023,"April 25, 2017",Kimberly Clark,Assorted Paper Products,2160 cases,40,SMLU 794056-0,?, ,?,?,?,?
63,23024,"May 28, 2017",Kimberly Clark,Assorted Paper Products,2160 cases,40,SMLU 795205-2,?, ,?,?,?,?
64,22921,"April 6, 2017",CGA Limited,Simply Natural Coconut Oil,2050 cases,40,BSIU 978472-3,Crowley,"June 11, 2017","June 18, 2017",?,?,?
65,23051,"April 26, 2017",S. M. Jaleel & Company Limited,Busta Grape 370ml,2520 cases,40,BSIU 972622-3,Crowley,"June 11, 2017","June 18, 2017",?,?,?
66,23051,"April 26, 2017",S. M. Jaleel & Company Limited,Busta Assorted Flavours 370ml,2520 cases,40,SEFU 421155-8,Crowley,"June 11, 2017","June 18, 2017",?,?,?
67,22998,"April 21, 2017",S. M. Jaleel & Company Limited,Busta Wild Black Cherry 370ml,2520 cases,40,XINU 819253-3,Crowley,"June 11, 2017","June 18, 2017",?,?,?
68,22998,"April 21, 2017",S. M. Jaleel & Company Limited,Busta Grape 370ml,2520 cases,40,CMCU 497103-6,Crowley,"June 11, 2017","June 18, 2017",?,?,?
69,22998,"April 21, 2017",S. M. Jaleel & Company Limited,Busta Grape 370ml,2520 cases,40,FSCU 993980-6,Crowley,"June 11, 2017","June 18, 2017",?,?,?
70,22998,"April 21, 2017",S. M. Jaleel & Company Limited,Busta Grape 370ml,2520 cases,40,BSIU 972557-2,Crowley,"June 11, 2017","June 18, 2017",?,?,?
71,23054,"April 26, 2017",S. M. Jaleel & Company Limited,Busta Banana 370ml,2520 cases,40,SMLU 788850-2,Seaboard,"June 11, 2017","June 18, 2017",?,?,?
72,23054,"April 26, 2017",S. M. Jaleel & Company Limited,Busta Grape 370ml,2520 cases,40,SMLU 786525-6,Seaboard,"June 11, 2017","June 18, 2017",?,?,?
73,23054,"April 26, 2017",S. M. Jaleel & Company Limited,Busta Grape 370ml/Kool Kidz Assorted,2796 cases,40,XINU 822168-9,Seaboard,"June 11, 2017","June 18, 2017",?,?,?
74,23054,"April 26, 2017",S. M. Jaleel & Company Limited,Busta Kola Champagne 370ml,2520 cases,40,SMLU 783666-4,Seaboard,"June 11, 2017","June 18, 2017",?,?,?
75,23054,"April 26, 2017",S. M. Jaleel & Company Limited,Busta Kola Champagne 370ml,2520 cases,40,SMLU 787035-5,Seaboard,"June 11, 2017","June 18, 2017",?,?,?
76,23130,?,S. M. Jaleel & Company Limited,American Classic Cola 370ml,2520 cases,40,SMLU 786594-0,Seaboard,"June 11, 2017","June 18, 2017",?,?,?
77,23130,?,S. M. Jaleel & Company Limited,American Classic Cola 370ml,2520 cases,40,FCIU 924153-9,Seaboard,"June 11, 2017","June 18, 2017",?,?,?
78,23130,?,S. M. Jaleel & Company Limited,American Classic Lime In 370ml,2520 cases,40,TCNU 602861-2,Seaboard,"June 11, 2017","June 18, 2017",?,?,?
79,23237,"May 25, 2017",S. M. Jaleel & Company Limited,Chubby Assorted Flavours 250ml,3710 cases,40,SMLU 790673-5,Seaboard,"June 11, 2017","June 18, 2017",?,?,?
80,23131,"May 9, 2017",S. M. Jaleel & Company Limited,Assorted Fruta Products,3989 cases,40,SMLU 789718-7,Seaboard,"June 11, 2017","June 18, 2017",?,?,?
81,23131,"May 9, 2017",S. M. Jaleel & Company Limited,Assorted Fruta Products,4011 cases,40,BSIU 906388-2,Seaboard,"June 11, 2017","June 18, 2017",?,?,?
82,23054,"April 26, 2017",S. M. Jaleel & Company Limited,Busta Cranberry 370ml,2520 cases,40,SMLU 784564-5,Seaboard,"June 11, 2017","June 18, 2017",?,?,?
83,23054,"April 26, 2017",S. M. Jaleel & Company Limited,Busta Cranberry 370ml,2520 cases,40,SMLU 786497-0,Seaboard,"June 11, 2017","June 18, 2017",?,?,?
84,23054,"April 26, 2017",S. M. Jaleel & Company Limited,Busta Fruit Punch 370ml,2520 cases,40,BMOU 409553-6,Seaboard,"June 11, 2017","June 18, 2017",?,?,?
85,23054,"April 26, 2017",S. M. Jaleel & Company Limited,Busta Fruit Punch 370ml,2520 cases,40,BMOU 407076-0,Seaboard,"June 11, 2017","June 18, 2017",?,?,?
86,23184,"May 16, 2017",Caricom Rice Mills,Caricom Pride White Rice 45kg,550 bags,20,SMLU 311998-4,Seaboard,"June 14, 2017","June 21, 2017",?,?,?
87,23184,"May 16, 2017",Caricom Rice Mills,?,550 bags,20,TCKU 281032-0,Seaboard,"June 14, 2017","June 21, 2017",?,?,?
88,23184,"May 16, 2017",Caricom Rice Mills,?,550 bags,20,TTNU 399374-8,Seaboard,"June 14, 2017","June 21, 2017",?,?,?
89,23184,"May 16, 2017",Caricom Rice Mills,?,550 bags,20,CAIU 210537-9,Seaboard,"June 14, 2017","June 21, 2017",?,?,?
90,23184,"May 16, 2017",Caricom Rice Mills,?,548 bags,20,SMLU 256744-9,Seaboard,"June 14, 2017","June 21, 2017",?,?,?
91,23238,"May 25, 2017",S. M. Jaleel & Company Limited,Busta Assorted Flavours 591ml,1680 cases,40,SEGU 621790-2,CMA-CGM,"June 14, 2017","June 21, 2017",?,?,?
92,23134,"May 9, 2017",S. M. Jaleel & Company Limited,Kool Kidz Fruit Punch 200ml,3969 cases,40,TGHU 636154-3,CMA-CGM,"June 14, 2017","June 21, 2017",?,?,?
93,23134,"May 9, 2017",S. M. Jaleel & Company Limited,Kool Kidz Apple 200ml,3969 cases,40,TCNU 315595-3,CMA-CGM,"June 14, 2017","June 21, 2017",?,?,?
94,23134,"May 9, 2017",S. M. Jaleel & Company Limited,Kool Kidz Kiwi Strawberry 200ml,3969 cases,40,BMOU 642051-1,CMA-CGM,"June 14, 2017","June 21, 2017",?,?,?
95,23134,"May 9, 2017",S. M. Jaleel & Company Limited,Kool Kidz Orange 200ml,3969 cases,40,TGHU 878110-2,CMA-CGM,"June 14, 2017","June 21, 2017",?,?,?
96,23054,"April 26, 2017",S. M. Jaleel & Company Limited,Busta Green Crush 370ml,2520 cases,40,ZCSU 277716-0,Zim,"June 18, 2017","June 25, 2017",?,?,?
97,23134,"May 9, 2017",S. M. Jaleel & Company Limited,Kool Kidz Strawberry Banana 200ml,3969 cases,40,TGHU 822066-8,Zim,"June 18, 2017","June 25, 2017",?,?,?
98,23132,"May 9, 2017",S. M. Jaleel & Company Limited,Assorted Chubby Flavours 250ml,3780 cases,40,ZCSU 700761-9,Zim,"June 18, 2017","June 25, 2017",?,?,?
99,22967,?,S. M. Jaleel & Company Limited,Busta Cranberry 370ml,2520 cases,40,TGHU 521393-7,Zim,"June 18, 2017","June 25, 2017",?,?,?
100,23132,"May 9, 2017",S. M. Jaleel & Company Limited,Busta Orange 370ml,2520 cases,40,TEMU 676896-4,Zim,"June 18, 2017","June 25, 2017",?,?,?
101,23132,"May 9, 2017",S. M. Jaleel & Company Limited,Busta Orange 370ml,2520 cases,40,ZCSU 895481-2,Zim,"June 18, 2017","June 25, 2017",?,?,?
102,22967,?,S. M. Jaleel & Company Limited,Busta Banana 370ml,2520 cases,40,TGHU 773450-7,Seaboard,"June 18, 2017","June 25, 2017",?,?,?
103,23238,?,S. M. Jaleel & Company Limited,Busta Banana 590ml,1680 cases,40,NEXU 953027-9,Seaboard,"June 18, 2017","June 25, 2017",?,?,?
104,23238,?,S. M. Jaleel & Company Limited,Busta Pineapple 590ml,1680 cases,40,SMLU 783604-7,Seaboard,"June 18, 2017","June 25, 2017",?,?,?
105,23132,?,S. M. Jaleel & Company Limited,Busta Banana 370ml,2520 cases,40,TRLU 822753-3,Seaboard,"June 18, 2017","June 25, 2017",?,?,?
106,23248,?,S. M. Jaleel & Company Limited,Assorted Fruta Products,5698 cases,40,SMLU 788832-8,Seaboard,"June 18, 2017","June 25, 2017",?,?,?
107,23127,?,Kimberly Clark,Assorted Paper Products,?,?,?,?,"June 18, 2017","June 25, 2017",?,?,?
108,23144,?,Kimberly Clark,Assorted Paper Products,?,?,?,?,"June 18, 2017","June 25, 2017",?,?,?
109,23145,?,Kimberly Clark,Assorted Paper Products,?,?,?,?,"June 18, 2017","June 25, 2017",?,?,?
110,23150,?,Kimberly Clark,Assorted Paper Products,?,?,?,?,"June 18, 2017","June 25, 2017",?,?,?
111,23151,?,Kimberly Clark,Assorted Paper Products,?,?,?,?,"June 18, 2017","June 25, 2017",?,?,?
112,23152,?,Kimberly Clark,Assorted Paper Products,?,?,?,?,"June 18, 2017","June 25, 2017",?,?,?
113,22997,"April 21, 2017",S. M. Jaleel & Company Limited,Assorted CSD Products,?,4 - 40,?,?,"June 18, 2017","June 25, 2017",?,?,?
114,22997,?,S. M. Jaleel & Company Limited,Assorted CSD Products,?,3 - 40,?,?,"June 18, 2017","June 25, 2017",?,?,?
115,22998,"April 21, 2017",S.M. Jaleel & Company Limited,Assorted CSD Products,?,4 - 40,?,Seaboard,"June 18, 2017","June 25, 2017",?,?,?
116,23051,"April 26, 2017",S. M. Jaleel & Company Limited,Assorted CSD Products,?, 7 - 40,?,?,"June 18, 2017","June 25, 2017",?,?,?
117,23051,"April 26, 2017",S. M. Jaleel & Company Limited,Assorted CSD Products,?, 8 - 40,?,?,"June 18, 2017","June 25, 2017",?,?,?
118,23053,"April 26, 2017",S. M. Jaleel & Company Limited,Assorted Juice Products,?,9 - 40,?,?,"June 18, 2017","June 25, 2017",?,?,?
119,23054,"April 26, 2017",S. M. Jaleel & Company Limited,Assorted CSD Products,?,4 - 40,?,?,"June 18, 2017","June 25, 2017",?,?,?
120,23054,"April 26, 2017",S. M. Jaleel & Company Limited,Assorted CSD Products,?,8 - 40,?,?,"June 18, 2017","June 25, 2017",?,?,?
121,23055,"April 26, 2017",S. M. Jaleel & Company Limited,Assorted Juice Products,?,7 - 40,?,?,"June 18, 2017","June 25, 2017",?,?,?
122,23055,"April 26, 2017",S. M. Jaleel & Company Limited,Assorted Juice Products,?,8 - 40,?,?,"June 18, 2017","June 25, 2017",?,?,?
123,23126,"May 11, 2017",S. M. Jaleel & Company Limited,Assorted CSD Products,?,7 - 40,?,?,"June 18, 2017","June 25, 2017",?,?,?
124,23130,"May 9, 2017",S. M. Jaleel & Company Limited,Assorted CSD Products,?,6 - 40,?,?,"June 18, 2017","June 25, 2017",?,?,?
125,23131,"May 9, 2017",S. M. Jaleel & Company Limited,Assorted Juice Products,?,4 - 40,?,?,"June 18, 2017","June 25, 2017",?,?,?
126,23132,"May 9, 2017",S. M. Jaleel & Company Limited,Assorted CSD Products,?,3 - 40,?,?,"June 18, 2017","June 25, 2017",?,?,?
127,23132,"May 9, 2017",S. M. Jaleel & Company Limited,Assorted CSD Products,?,7 - 40,?,?,"June 18, 2017","June 25, 2017",?,?,?
128,23132,"May 9, 2017",S. M. Jaleel & Company Limited,Assorted CSD Products,?,7 - 40,?,?,"June 18, 2017","June 25, 2017",?,?,?
129,23132,"May 9, 2017",S. M. Jaleel & Company Limited,Assorted CSD Products,?,7 - 40,?,?,"June 18, 2017","June 25, 2017",?,?,?
130,23134,"May 9, 2017",S. M. Jaleel & Company Limited,Assorted Juice Products,?,?,?,?,"June 18, 2017","June 25, 2017",?,?,?
131,23134,"May 11, 2017",S. M. Jaleel & Company Limited,Assorted Juice Products,?,8 - 40,?,?,"June 18, 2017","June 25, 2017",?,?,?
132,23246,"May 25, 2017",S. M. Jaleel & Company Limited,Assorted Juice Products,?,6 - 40,?,?,"June 18, 2017","June 25, 2017",?,?,?
133,23246,"May 25, 2017",S. M. Jaleel & Company Limited,Assorted Juice Products,?,6 - 40,?,?,"June 18, 2017","June 25, 2017",?,?,?
134,23238,"May 25, 2017",S. M. Jaleel & Company Limited,Assorted CSD Products,?,6 - 40,?,?,"June 18, 2017","June 25, 2017",?,?,?
135,23238,"May 25, 2017",S. M. Jaleel & Company Limited,Assorted CSD Products,?,6 - 40,?,?,"June 18, 2017","June 25, 2017",?,?,?
136,23238,"May 25, 2017",S. M. Jaleel & Company Limited,Assorted CSD Products,?,6 - 40,?,?,"June 18, 2017","June 25, 2017",?,?,?
137,23238,"May 25, 2017",S. M. Jaleel & Company Limited,Assorted CSD Products,?,8 - 40,?,?,"June 18, 2017","June 25, 2017",?,?,?
138,23238,"May 25, 2017",S.M. Jaleel & Company Limited,Assorted CSD Products,?,8 - 40,?,?,"June 18, 2017","June 25, 2017",?,?,?
139,23238,"May 25, 2017",S. M. Jaleel & Company Limited,Assorted CSD Products,?,8 - 40,?,?,"June 18, 2017","June 25, 2017",?,?,?
140,22848,?,Riviana Foods,Assorted Blue Ribbon Products,?,20,?,?,"June 18, 2017","June 25, 2017",?,?,?
141,22575,"February 24, 2017",A. M. Capens & Company,Assorted Office Furniture,?,40,?,?,"June 18, 2017","June 25, 2017",?,?,?
142,22588,"February 28, 2017",Arcor Argentina,Assorted Arcor Products,?,40,?,?,"June 18, 2017","June 25, 2017",?,?,?
143,23141,?,Kimberly Clark,Assorted Paper Products,?,?,?,?,"June 18, 2017","June 25, 2017",?,?,?
144,23143,?,Kimberly Clark,Assorted Paper Products,?,?,?,?,"June 18, 2017","June 25, 2017",?,?,?
145,23147,?,Kimberly Clark,Assorted Paper Products,?,?,?,?,"June 18, 2017","June 25, 2017",?,?,?
146,23148,?,Kimberly Clark,Assorted Paper Products,?,?,?,?,"June 18, 2017","June 25, 2017",?,?,?
147,23149,?,Kimberly Clark,Assorted Paper Products,?,?,?,?,"June 18, 2017","June 25, 2017",?,?,?
148,22920,"April 6, 2017",CGA Limited,Simply Natural Coconut Oil,?,40,?,?,"June 18, 2017","June 25, 2017",?,?,?
149,23123,?,Kimberly Clark,Assorted KC Products,?,?,?,?,"June 19, 2017","June 26, 2017",?,?,?
150,23125,?,Kimberly Clark,Assorted KC Products,?,?,?,?,"June 19, 2017","June 26, 2017",?,?,?
151,23121,?,Kimberly Clark,Assorted KC Products,3086 cases,40,APHU 673354-7,CMA-CGM,"June 19, 2017","June 26, 2017",?,?,?
152,23122,?,Kimberly Clark,Assorted KC Products,3119 cases,40,CMAU 511258-5,?, , ,?,?,?
153,23124,?,Kimberly Clark,Assorted KC Products,1547 cases,40,CMAU 562151-4,?, , ,?,?,?
154,23262,"May 29, 2017",Guyana Stockfeeds Inc.,Angel Parboiled Rice 22kg,1100 bags,?,?,?,"June 21, 2017","June 28, 2017",?,?,?
155,23128,?,Kimberly Clark,Assorted Paper Products,?,?,?,?,"June 22, 2017","June 29, 2017",?,?,?
156,23295,"June 1, 2017",Caricom Rice Mills,Caricom Pride White Rice 45kg,?,6 -20,?,?,"June 24, 2017","July 1, 2017",?,?,?
157,23146,?,Kimberly Clark,Assorted Paper Products,?,?,?,?,"June 25, 2017","July 2, 2017",?,?,?
158,23153,?,Kimberly Clark,Assorted Paper Products,?,?,?,?,"June 25, 2017","July 2, 2017",?,?,?
159,23154,?,Kimberly Clark,Assorted Paper Products,?,?,?,?,"June 25, 2017","July 2, 2017",?,?,?
160,23155,?,Kimberly Clark,Assorted Paper Products,?,?,?,?,"June 25, 2017","July 2, 2017",?,?,?
161,23244,"May 25, 2017",S. M. Jaleel & Company Limited,Assorted CSD Products,?,7 - 40,?,?,"June 25, 2017","July 2, 2017",?,?,?
162,23244,"May 25, 2017",S. M. Jaleel & Company Limited,Assorted CSD Products,?,7 - 40,?,?,"June 25, 2017","July 2, 2017",?,?,?
163,23244,"May 25, 2017",S. M. Jaleel & Company Limited,Assorted CSD Products,?,7 - 40,?,?,"June 25, 2017","July 2, 2017",?,?,?
164,23244,"May 25, 2017",S. M. Jaleel & Company Limited,Assorted CSD Products,?,6 - 40,?,?,"June 25, 2017","July 2, 2017",?,?,?
165,23248,"May 25, 2017",S.M. Jaleel & Company Limited,Assorted Juice Products,?,7 - 40,?,?,"June 25, 2017","July 2, 2017",?,?,?
166,23248,"May 25, 2017",S.M. Jaleel & Company Limited,Assorted Juice Products,?,7 - 40,?,?,"June 25, 2017","July 2, 2017",?,?,?
167,23035,"April 27, 2017",McVities Export Division,Assorted McVities Products,?,20,?,?,"June 25, 2017","July 2, 2017",?,?,?
168,23283,"May 31, 2017",CGA Limited,Assorted Simply Natural Coconut Oil,2100 cases,?,?,?,"June 26, 2017","July 3, 2017",?,?,?
169,22282,?,Ziotis International Limited,Assorted Pharmaceutical Products,?,40,TEMU 685767-6,CMA-CGM,"June 27, 2017","July 4, 2017",?,?,?
170,22282,?, , ,?,20,CMAU 191608-1,?, , ,?,?,?
171,22282,?, ,Assorted Glenmark Products,1054 cases,20,HASU 110253-3,?, , ,?,?,?
172,22282,?, ,?,?,40,SUDU 656976-0,?, , ,?,?,?
173,22282,?, ,Office Furniture,1148 cases,40,SUDU 868702-1,?, , ,?,?,?
174,22282,?, ,?,?,40,HASU 412700-5,?, , ,?,?,?
175,23351,"June 9, 2017",Kimberly Clark,Scott Jumbo 2 ply Tissue,2160 cases,40,?,?,"June 29, 2017","July 6, 2017",?,?,?
176,23350,"June 9, 2017",Kimberly Clark,Scott Jumbo 2 ply Tissue,2160 cases,40,?,?,"June 29, 2017","July 6, 2017",?,?,?
177,23349,"June 9, 2017",Kimberly Clark,Scott Jumbo 2 ply Tissue,2160 cases,40,?,?,"June 29, 2017","July 6, 2017",?,?,?
178,23352,"June 9, 2017",Kimberly Clark,Scott Jumbo 2 ply Tissue,2160 cases,40,?,?,"June 29, 2017","July 6, 2017",?,?,?
179,23102,"May 4, 2017",Dow Agrisciences Ind. Limited,Dithane 48 x 500gms,?,?,?,?,"June 29, 2017","July 6, 2017",?,?,?
180,23229,?,MeadJohnson Nutritionales,Assorted Alacta Plus Products,?,?,?,?,"June 30, 2017","July 7, 2017",?,?,?
181,23296,"June 1, 2017",Caricom Rice Mills,Caricom Pride White Rice 45kg,?,6 - 20,?,?,"July 1, 2017","July 8, 2017",?,?,?
182,23284,"May 31, 2017",CGA Limited,Assorted Simply Natural Coconut Oil,2100 cases,?,?,?,"July 2, 2017","July 9, 2017",?,?,?
183,23263,"May 29, 2017",Guyana Stockfeeds Inc.,Angel Parboiled Rice 22kg,1100 bags,?,?,?,"July 3, 2017","July 10, 2017",?,?,?
184,23263,"May 29, 2017",Guyana Stockfeeds Inc.,Assorted Pharmaceutical Products,992 cases,40,APHU 719248-9,?,"July 3, 2017","July 10, 2017",?,?,?
185,23297,"June 1, 2017",Caricom Rice Mills,Caricom Pride White Rice 45kg,?,5 - 20,?,?,"July 8, 2017","July 15, 2017",?,?,?
186,23285,"May 31, 2017",CGA Limited,Assorted Simply Natural Coconut Oil,2100 cases,?,?,?,"July 9, 2017","July 16, 2017",?,?,?
187,23376,"June 15, 2017",Kimberly Clark,Assorted Paper Products,?,40,?,?,"July 9, 2017","July 16, 2017",?,?,?
188,23378,"June 15, 2017",Kimberly Clark,Assorted Paper Products,?,40,?,?,"July 9, 2017","July 16, 2017",?,?,?
189,23395,"June 15, 2017",Kimberly Clark,Assorted KC Products,?,40,?,?,"July 10, 2017","July 17, 2017",?,?,?
190,23393,"June 15, 2017",Kimberly Clark,Assorted KC Products,?,40,?,?,"July 10, 2017","July 17, 2017",?,?,?
191,23392,"June 15, 2017",Kimberly Clark,Assorted KC Products,?,40,?,?,"July 10, 2017",?,?,?,?
192,23389,"June 16, 2017",Kimberly Clark,Assorted Paper Products,?,40,?,?,"July 13, 2017","July 20, 2017",?,?,?
193,23388,"June 16, 2017",Kimberly Clark,Assorted Paper Products,?,20,?,?,"July 13, 2017","July 20, 2017",?,?,?
194,23298,"June 1, 2017",Caricom Rice Mills,Caricom Pride White Rice 45kg,?,7 - 20,?,?,"July 15, 2017","July 22, 2017",?,?,?
195,23377,"June 15, 2017",Kimberly Clark,Assorted Paper Products,?,40,?,?,"July 16, 2017","July 23, 2017",?,?,?
196,23379,"June 15, 2017",Kimberly Clark,Assorted Paper Products,?,40,?,?,"July 16, 2017","July 23, 2017",?,?,?
197,23381,"June 15, 2017",Kimberly Clark,Assorted Paper Products,?,40,?,?,"July 16, 2017","July 23, 2017",?,?,?
198,23382,"June 15, 2017",Kimberly Clark,Assorted Paper Products,?,40,?,?,"July 16, 2017","July 23, 2017",?,?,?
199,23394,"June 15, 2017",Kimberly Clark,Assorted KC Products,?,40,?,?,"July 17, 2017","July 24, 2017",?,?,?
200,23390,"June 15, 2017",Kimberly Clark,Assorted KC Products,?,40,?,?,"July 17, 2017","July 24, 2017",?,?,?
201,23328,"June 6, 2017",Crown Point,Argentine Pitted Prunes ,2090 cases,20,?,Hapag Lloyd,"July 21, 2017","July 28, 2017",?,?,?
202,23380,"June 15, 2017",Kimberly Clark,Assorted Paper Products,?,40,?,?,"July 23, 2017","July 30, 2017",?,?,?
203,23383,"June 15, 2017",Kimberly Clark,Assorted Paper Products,?,40,?,?,"July 23, 2017","July 30, 2017",?,?,?
204,23384,"June 15, 2017",Kimberly Clark,Assorted Paper Products,?,40,?,?,"July 23, 2017","July 30, 2017",?,?,?
205,23385,"June 15, 2017",Kimberly Clark,Assorted Paper Products,?,40,?,?,"July 23, 2017","July 30, 2017",?,?,?
206,23396,"June 15, 2017",Kimberly Clark,Assorted KC Products,?,40,?,?,"July 24, 2017","July 31, 2017",?,?,?
207,23391,"June 15, 2017",Kimberly Clark,Assorted KC Products,?,40,?,?,"July 24, 2017","July 31, 2017",?,?,?
208,23318,"June 5, 2017",B. Terfloth + Cie (Canada) Inc.,Whole & Broken Cherries 30lbs,200 cases,?,?,Zim,.,#VALUE!,?,?,?
209,23318,"June 5, 2017",B. Terfloth + Cie (Canada) Inc.,Fruit Peel 30lbs,400 cases,?,?,Zim,.,#VALUE!,?,?,?
210,23386,"June 15, 2017",Kimberly Clark,Assorted Paper Products,?,40,?,?,"July 30, 2017","August 6, 2017",?,?,?
211,23387,"June 15, 2017",Kimberly Clark,Assorted Paper Products,?,40,?,?,"July 30, 2017","August 6, 2017",?,?,?
212,23073,"May 3, 2017",Arcor Brazil,Assorted Arcor Products,?,?,?,?,"July 31, 2017","August 7, 2017",?,?,?
213,23321,"June 5, 2017",Crown Point,Currants 12.5kg,1680 cases,?,?,?,"July 31, 2017","August 7, 2017",?,?,?
214,23320,"June 5, 2017",B. Terfloth + Cie (Canada) Inc.,Sultana Raisins 27..5lbs,1750 cases,?,?,Zim,"August 9, 2017","August 16, 2017",?,?,?
215,23275,"May 30, 2017",Compania Agricola Columbiana,Round up Products,?,?,  ,?,"August 11, 2017","August 18, 2017",?,?,?
216,23404,"June 16, 2017",Compania Agricola Columbiana,Round Up  1 Litre,?,?,?,?,"August 28, 2017","September 4, 2017",?,?,?
217,23405,"June 16, 2017",Compania Agricola Columbiana,Round Up Products,?,?,?,?,"August 28, 2017","September 4, 2017",?,?,?
218,23361,"June 12, 2017",Littop International Limited,Assorted Office Furniture,?,?, ,?,"September 12, 2017","September 19, 2017",?,?,?
219,23361,"June 12, 2017",Littop International Limited,?,?,?, ,?,"September 12, 2017","September 19, 2017",?,?,?
220,23361,"June 12, 2017",Littop International Limited,?,?,?, ,?,"September 12, 2017","September 19, 2017",?,?,?
